symbol,timestamp,open,high,low,close,volume
AAPL,2026-04-21T09:30:00,271.5,272.79998779296875,265.3999938964844,266.1700134277344,50209800.0
AAPL,2026-04-22T09:30:00,267.82000732421875,273.739990234375,266.8699951171875,273.1700134277344,43249200.0
AAPL,2026-04-23T09:30:00,275.04998779296875,275.7699890136719,271.6499938964844,273.42999267578125,33399600.0
AAPL,2026-04-24T09:30:00,272.760009765625,273.05999755859375,269.6499938964844,271.05999755859375,38157100.0
AAPL,2026-04-27T09:30:00,266.0899963378906,268.3599853515625,265.07000732421875,267.6099853515625,41466800.0
AAPL,2026-04-28T09:30:00,272.3399963378906,273.2300109863281,268.6600036621094,270.7099914550781,40018900.0
AAPL,2026-04-29T09:30:00,267.54998779296875,271.0400085449219,267.0400085449219,270.1700134277344,30047900.0
AAPL,2026-04-30T09:30:00,270.5,276.0,268.1400146484375,271.3500061035156,91848200.0
AAPL,2026-05-01T09:30:00,278.8599853515625,287.2200012207031,278.3699951171875,280.1400146484375,79915400.0
AAPL,2026-05-04T09:30:00,279.6600036621094,280.6300048828125,274.8599853515625,276.8299865722656,46668400.0
AAPL,2026-05-05T09:30:00,276.92999267578125,284.57000732421875,276.5,284.17999267578125,49311700.0
AAPL,2026-05-06T09:30:00,281.9200134277344,288.0299987792969,281.07000732421875,287.510009765625,58336100.0
AAPL,2026-05-07T09:30:00,289.2699890136719,292.1300048828125,285.7799987792969,287.44000244140625,45224300.0
AAPL,2026-05-08T09:30:00,290.010009765625,294.760009765625,290.0,293.32000732421875,52692800.0
AAPL,2026-05-11T09:30:00,291.9800109863281,293.8800048828125,290.2300109863281,292.67999267578125,42247300.0
AAPL,2026-05-12T09:30:00,292.55999755859375,295.2699890136719,292.55999755859375,294.79998779296875,45748100.0
AAPL,2026-05-13T09:30:00,293.5,300.9200134277344,293.5,298.8699951171875,52684300.0
AAPL,2026-05-14T09:30:00,299.82000732421875,300.45001220703125,295.3800048828125,298.2099914550781,35324900.0
AAPL,2026-05-15T09:30:00,297.8999938964844,303.20001220703125,296.5199890136719,300.2300109863281,54862800.0
AAPL,2026-05-18T09:30:00,300.239990234375,300.6600036621094,294.9100036621094,297.8399963378906,34483000.0
AAPL,2026-05-19T09:30:00,296.9700012207031,300.510009765625,296.3500061035156,298.9700012207031,42243600.0
AAPL,2026-05-20T09:30:00,298.17999267578125,302.79998779296875,298.0799865722656,302.25,38229800.0
AAPL,2026-05-21T09:30:00,301.05999755859375,305.5400085449219,300.3999938964844,304.989990234375,42965100.0
AAPL,2026-05-22T09:30:00,306.1199951171875,311.3999938964844,305.8399963378906,308.82000732421875,43670200.0
AAPL,2026-05-26T09:30:00,309.55999755859375,311.82000732421875,307.6700134277344,308.3299865722656,48000500.0
AAPL,2026-05-27T09:30:00,308.3299865722656,313.260009765625,308.29998779296875,310.8500061035156,50430900.0
AAPL,2026-05-28T09:30:00,310.67999267578125,312.79998779296875,309.57000732421875,312.510009765625,48220400.0
AAPL,2026-05-29T09:30:00,311.7799987792969,315.0,309.5299987792969,312.05999755859375,70026800.0
AAPL,2026-06-01T09:30:00,309.6300048828125,310.94000244140625,305.0199890136719,306.30999755859375,48849900.0
AAPL,2026-06-02T09:30:00,307.4599914550781,315.45001220703125,306.69000244140625,315.20001220703125,44534700.0
AAPL,2026-06-03T09:30:00,314.17999267578125,316.94000244140625,308.8500061035156,310.260009765625,50836700.0
AAPL,2026-06-04T09:30:00,313.2300109863281,313.5400085449219,309.6499938964844,311.2300109863281,44869100.0
AAPL,2026-06-05T09:30:00,312.8599853515625,315.1700134277344,307.1499938964844,307.3399963378906,65310500.0
AAPL,2026-06-08T09:30:00,308.739990234375,317.3999938964844,301.1700134277344,301.5400085449219,77949100.0
AAPL,2026-06-09T09:30:00,300.2799987792969,300.75,287.7799987792969,290.54998779296875,70108800.0
AAPL,2026-06-10T09:30:00,290.739990234375,294.75,287.3800048828125,291.5799865722656,52793300.0
AAPL,2026-06-11T09:30:00,293.7200012207031,297.0,289.5899963378906,295.6300048828125,42572500.0
AAPL,2026-06-12T09:30:00,296.0299987792969,297.1400146484375,289.6199951171875,291.1300048828125,38742100.0
AAPL,2026-06-15T09:30:00,294.1199951171875,297.7799987792969,291.70001220703125,296.4200134277344,45732600.0
AAPL,2026-06-16T09:30:00,295.25,300.4800109863281,293.9700012207031,299.239990234375,39874400.0
AAPL,2026-06-17T09:30:00,300.8500061035156,302.07000732421875,294.3599853515625,295.95001220703125,42745100.0
AAPL,2026-06-18T09:30:00,298.1099853515625,300.57000732421875,295.6199951171875,298.010009765625,85962200.0
AAPL,2026-06-22T09:30:00,297.30999755859375,302.4200134277344,296.760009765625,297.010009765625,44879900.0
AAPL,2026-06-23T09:30:00,297.5400085449219,301.6400146484375,294.17999267578125,294.29998779296875,52010900.0
AAPL,2026-06-24T09:30:00,295.3599853515625,299.70001220703125,292.94000244140625,293.0799865722656,53081900.0
AAPL,2026-06-25T09:30:00,287.3999938964844,288.79998779296875,273.75,275.1499938964844,107013700.0
AAPL,2026-06-26T09:30:00,275.0,285.95001220703125,274.2099914550781,283.7799987792969,261775500.0
AAPL,2026-06-29T09:30:00,286.7300109863281,288.3699951171875,279.8500061035156,281.739990234375,66427000.0
AAPL,2026-06-30T09:30:00,281.1700134277344,289.94000244140625,280.70001220703125,289.3599853515625,65100200.0
AAPL,2026-07-01T09:30:00,293.44000244140625,296.5899963378906,289.20001220703125,294.3800048828125,50164200.0
AAPL,2026-07-02T09:30:00,294.1199951171875,309.4200134277344,293.67999267578125,308.6300048828125,75352800.0
AAPL,2026-07-06T09:30:00,307.3599853515625,314.20001220703125,307.0,312.6600036621094,53590000.0
AAPL,2026-07-07T09:30:00,315.2900085449219,315.4800109863281,310.1499938964844,310.6600036621094,42490000.0
AAPL,2026-07-08T09:30:00,311.9100036621094,314.82000732421875,307.04998779296875,313.3900146484375,41323500.0
AAPL,2026-07-09T09:30:00,310.510009765625,316.5299987792969,308.1600036621094,316.2200012207031,48124500.0
AAPL,2026-07-10T09:30:00,314.7200012207031,316.9100036621094,312.1700134277344,315.32000732421875,34132300.0
AAPL,2026-07-13T09:30:00,317.0199890136719,323.45001220703125,315.7799987792969,317.30999755859375,43257800.0
AAPL,2026-07-14T09:30:00,313.760009765625,316.19000244140625,311.9100036621094,314.8599853515625,36336800.0
AAPL,2026-07-15T09:30:00,317.6199951171875,328.7300109863281,317.32000732421875,327.5,60957600.0
AAPL,2026-07-16T09:30:00,328.010009765625,334.67999267578125,326.7900085449219,333.260009765625,62970600.0
AAPL,2026-07-17T09:30:00,331.9800109863281,334.989990234375,329.0,333.739990234375,63407100.0
AAPL,2026-07-20T09:30:00,333.510009765625,333.7099914550781,323.67999267578125,326.5899963378906,53396600.0
AMD,2026-04-21T09:30:00,277.3299865722656,286.20001220703125,276.6199951171875,284.489990234375,38950900.0
AMD,2026-04-22T09:30:00,291.2200012207031,304.25,286.1400146484375,303.4599914550781,49054200.0
AMD,2026-04-23T09:30:00,302.010009765625,310.2200012207031,299.760009765625,305.3299865722656,45619700.0
AMD,2026-04-24T09:30:00,336.760009765625,352.989990234375,334.5400085449219,347.80999755859375,81616700.0
AMD,2026-04-27T09:30:00,346.32000732421875,349.2099914550781,328.80999755859375,334.6300048828125,50585300.0
AMD,2026-04-28T09:30:00,311.8599853515625,327.5,310.0,323.2099914550781,43002500.0
AMD,2026-04-29T09:30:00,326.5799865722656,340.1700134277344,318.8599853515625,337.1099853515625,44704400.0
AMD,2026-04-30T09:30:00,341.3599853515625,354.9599914550781,332.6000061035156,354.489990234375,42115300.0
AMD,2026-05-01T09:30:00,351.8699951171875,362.7900085449219,349.25,360.5400085449219,34279200.0
AMD,2026-05-04T09:30:00,360.30999755859375,361.8500061035156,338.70001220703125,341.5400085449219,42000200.0
AMD,2026-05-05T09:30:00,351.510009765625,359.57000732421875,344.8800048828125,355.260009765625,64235100.0
AMD,2026-05-06T09:30:00,409.489990234375,430.6000061035156,402.0400085449219,421.3900146484375,87732200.0
AMD,2026-05-07T09:30:00,417.07000732421875,421.7099914550781,401.0799865722656,408.4599914550781,44885500.0
AMD,2026-05-08T09:30:00,418.5899963378906,456.2900085449219,418.2900085449219,455.19000244140625,58134900.0
AMD,2026-05-11T09:30:00,460.54998779296875,469.2200012207031,450.8800048828125,458.7900085449219,46085400.0
AMD,2026-05-12T09:30:00,449.25,458.79998779296875,426.1099853515625,448.2900085449219,39140100.0
AMD,2026-05-13T09:30:00,457.0400085449219,459.5,432.6499938964844,445.5,30423400.0
AMD,2026-05-14T09:30:00,440.6000061035156,453.30999755859375,435.67999267578125,449.70001220703125,26113600.0
AMD,2026-05-15T09:30:00,433.3399963378906,439.0,423.3599853515625,424.1000061035156,29131600.0
AMD,2026-05-18T09:30:00,429.5,438.79998779296875,410.7099914550781,420.989990234375,28432100.0
AMD,2026-05-19T09:30:00,412.6000061035156,428.75,393.3599853515625,414.04998779296875,38756900.0
AMD,2026-05-20T09:30:00,428.0400085449219,449.3900146484375,426.04998779296875,447.5799865722656,36137500.0
AMD,2026-05-21T09:30:00,441.989990234375,451.20001220703125,431.6000061035156,449.5899963378906,27252000.0
AMD,2026-05-22T09:30:00,469.8399963378906,481.4100036621094,461.7099914550781,467.510009765625,34758600.0
AMD,2026-05-26T09:30:00,484.739990234375,506.9599914550781,480.2300109863281,503.8900146484375,38473800.0
AMD,2026-05-27T09:30:00,508.0,510.2099914550781,486.6600036621094,495.5400085449219,27589300.0
AMD,2026-05-28T09:30:00,499.0,527.2000122070312,493.5199890136719,518.0900268554688,31438500.0
AMD,2026-05-29T09:30:00,520.7999877929688,522.0,503.42999267578125,516.0999755859375,30803200.0
AMD,2026-06-01T09:30:00,500.1600036621094,517.5,486.79998779296875,510.1300048828125,33309200.0
AMD,2026-06-02T09:30:00,506.29998779296875,522.489990234375,501.2200012207031,521.5399780273438,24293200.0
AMD,2026-06-03T09:30:00,533.75,546.4400024414062,524.2999877929688,542.52001953125,29411100.0
AMD,2026-06-04T09:30:00,514.75,532.1900024414062,499.8699951171875,523.2000122070312,29110000.0
AMD,2026-06-05T09:30:00,499.5299987792969,505.6199951171875,463.95001220703125,466.3800048828125,46900600.0
AMD,2026-06-08T09:30:00,485.0,494.9700012207031,477.7099914550781,490.3299865722656,25158800.0
AMD,2026-06-09T09:30:00,502.75,505.0,437.2300109863281,475.510009765625,37799800.0
AMD,2026-06-10T09:30:00,467.9700012207031,477.45001220703125,448.3299865722656,452.3999938964844,27777400.0
AMD,2026-06-11T09:30:00,461.6000061035156,490.4599914550781,458.0199890136719,488.45001220703125,30463100.0
AMD,2026-06-12T09:30:00,499.69000244140625,521.7100219726562,494.0,511.57000732421875,31553100.0
AMD,2026-06-15T09:30:00,535.75,558.3699951171875,530.5,547.260009765625,33482400.0
AMD,2026-06-16T09:30:00,546.8900146484375,548.9500122070312,507.25,507.2900085449219,28411700.0
AMD,2026-06-17T09:30:00,529.6599731445312,532.5,507.29998779296875,512.47998046875,27085300.0
AMD,2026-06-18T09:30:00,531.5800170898438,539.6900024414062,526.3200073242188,537.3699951171875,43805600.0
AMD,2026-06-22T09:30:00,545.5,562.989990234375,535.7100219726562,551.6300048828125,25983200.0
AMD,2026-06-23T09:30:00,509.0799865722656,528.489990234375,506.80999755859375,519.8499755859375,30196800.0
AMD,2026-06-24T09:30:00,520.8200073242188,524.9600219726562,503.5,519.739990234375,26548300.0
AMD,2026-06-25T09:30:00,543.9299926757812,550.8800048828125,507.0,532.5700073242188,27031300.0
AMD,2026-06-26T09:30:00,519.7999877929688,525.1099853515625,502.6099853515625,521.5800170898438,52705100.0
AMD,2026-06-29T09:30:00,522.8400268554688,542.1900024414062,495.3500061035156,539.489990234375,26671000.0
AMD,2026-06-30T09:30:00,545.5700073242188,584.72998046875,545.5700073242188,580.9099731445312,34488500.0
AMD,2026-07-01T09:30:00,557.530029296875,564.0900268554688,538.739990234375,540.8800048828125,28326800.0
AMD,2026-07-02T09:30:00,538.1599731445312,547.6500244140625,506.0,517.8200073242188,28142500.0
AMD,2026-07-06T09:30:00,535.3499755859375,572.5,527.0,552.0499877929688,30684200.0
AMD,2026-07-07T09:30:00,515.9099731445312,524.969970703125,503.1099853515625,516.1099853515625,29166800.0
AMD,2026-07-08T09:30:00,504.80999755859375,522.97998046875,498.1499938964844,517.4099731445312,23768500.0
AMD,2026-07-09T09:30:00,537.27001953125,559.5,535.2000122070312,546.719970703125,26900800.0
AMD,2026-07-10T09:30:00,544.010009765625,560.25,540.0499877929688,557.8900146484375,20704500.0
AMD,2026-07-13T09:30:00,537.5,551.8699951171875,526.9199829101562,534.3900146484375,22957400.0
AMD,2026-07-14T09:30:00,567.219970703125,574.2000122070312,546.77001953125,548.1300048828125,21201400.0
AMD,2026-07-15T09:30:00,556.02001953125,558.8900146484375,509.57000732421875,529.1400146484375,27826200.0
AMD,2026-07-16T09:30:00,509.3299865722656,518.739990234375,491.79998779296875,500.94000244140625,27093700.0
AMD,2026-07-17T09:30:00,476.8800048828125,505.8800048828125,460.2099914550781,495.760009765625,32115900.0
AMD,2026-07-20T09:30:00,517.0,522.4400024414062,502.3599853515625,503.57000732421875,23347500.0
DIA,2026-04-21T09:30:00,497.239990234375,498.3800048828125,490.32000732421875,491.3599853515625,4322200.0
DIA,2026-04-22T09:30:00,495.32000732421875,496.1400146484375,493.2300109863281,494.760009765625,4022400.0
DIA,2026-04-23T09:30:00,492.54998779296875,495.1300048828125,488.510009765625,493.0,4077300.0
DIA,2026-04-24T09:30:00,493.04998779296875,493.489990234375,490.7699890136719,492.2099914550781,3372300.0
DIA,2026-04-27T09:30:00,491.6000061035156,493.54998779296875,490.2900085449219,491.8299865722656,2132100.0
DIA,2026-04-28T09:30:00,493.4599914550781,493.82000732421875,490.7699890136719,491.4200134277344,3057100.0
DIA,2026-04-29T09:30:00,490.95001220703125,491.489990234375,487.0,488.6700134277344,3322300.0
DIA,2026-04-30T09:30:00,490.9800109863281,497.5799865722656,490.3900146484375,496.6499938964844,5352300.0
DIA,2026-05-01T09:30:00,498.8399963378906,499.92999267578125,494.9100036621094,495.0199890136719,4402600.0
DIA,2026-05-04T09:30:00,493.5,494.3299865722656,489.0,489.55999755859375,3310400.0
DIA,2026-05-05T09:30:00,491.8900146484375,493.5899963378906,490.0299987792969,492.9599914550781,3386200.0
DIA,2026-05-06T09:30:00,496.9800109863281,500.0799865722656,496.8999938964844,499.04998779296875,4317300.0
DIA,2026-05-07T09:30:00,500.510009765625,501.20001220703125,494.7699890136719,495.9100036621094,4490500.0
DIA,2026-05-08T09:30:00,498.4800109863281,498.54998779296875,494.92999267578125,496.1300048828125,3495200.0
DIA,2026-05-11T09:30:00,495.79998779296875,497.8399963378906,494.760009765625,497.1099853515625,4249100.0
DIA,2026-05-12T09:30:00,496.510009765625,498.4100036621094,493.19000244140625,497.8900146484375,7445700.0
DIA,2026-05-13T09:30:00,496.1600036621094,497.6099853515625,494.6400146484375,497.1400146484375,3256800.0
DIA,2026-05-14T09:30:00,501.3900146484375,502.1600036621094,498.8500061035156,500.79998779296875,4920500.0
DIA,2026-05-15T09:30:00,497.32000732421875,497.739990234375,495.0799865722656,495.3699951171875,5300700.0
DIA,2026-05-18T09:30:00,495.6499938964844,497.6400146484375,493.6000061035156,497.010009765625,5496200.0
DIA,2026-05-19T09:30:00,494.8299865722656,496.3399963378906,492.5799865722656,493.9800109863281,5361300.0
DIA,2026-05-20T09:30:00,495.8699951171875,500.92999267578125,492.489990234375,500.239990234375,6516100.0
DIA,2026-05-21T09:30:00,498.7799987792969,504.04998779296875,497.2099914550781,503.1099853515625,6576000.0
DIA,2026-05-22T09:30:00,507.010009765625,508.739990234375,505.69000244140625,506.1199951171875,5172200.0
DIA,2026-05-26T09:30:00,507.57000732421875,508.239990234375,503.9700012207031,505.25,3897800.0
DIA,2026-05-27T09:30:00,505.92999267578125,508.70001220703125,505.80999755859375,506.8800048828125,4247800.0
DIA,2026-05-28T09:30:00,505.3399963378906,508.2099914550781,503.6400146484375,507.04998779296875,3709600.0
DIA,2026-05-29T09:30:00,507.8999938964844,511.30999755859375,507.20001220703125,510.7799987792969,5346700.0
DIA,2026-06-01T09:30:00,509.8500061035156,511.8599853515625,508.3299865722656,511.44000244140625,4424800.0
DIA,2026-06-02T09:30:00,509.0799865722656,514.489990234375,508.92999267578125,514.0499877929688,5078000.0
DIA,2026-06-03T09:30:00,511.1700134277344,512.8499755859375,507.989990234375,508.260009765625,4098000.0
DIA,2026-06-04T09:30:00,513.6900024414062,517.5800170898438,512.6799926757812,516.7000122070312,6390700.0
DIA,2026-06-05T09:30:00,517.7100219726562,517.75,508.75,509.70001220703125,6610700.0
DIA,2026-06-08T09:30:00,510.7699890136719,513.760009765625,508.32000732421875,508.9100036621094,4825700.0
DIA,2026-06-09T09:30:00,511.4800109863281,513.5399780273438,503.0799865722656,509.4100036621094,6249400.0
DIA,2026-06-10T09:30:00,507.489990234375,508.739990234375,500.1000061035156,500.25,5153400.0
DIA,2026-06-11T09:30:00,503.19000244140625,510.760009765625,501.57000732421875,509.3599853515625,6353900.0
DIA,2026-06-12T09:30:00,512.8900146484375,515.2999877929688,509.4800109863281,513.0599975585938,8384500.0
DIA,2026-06-15T09:30:00,519.22998046875,520.8400268554688,517.8699951171875,518.4400024414062,5379400.0
DIA,2026-06-16T09:30:00,520.3200073242188,523.2999877929688,520.0599975585938,521.4400024414062,4812600.0
DIA,2026-06-17T09:30:00,521.260009765625,524.1699829101562,515.2999877929688,516.2999877929688,6563500.0
DIA,2026-06-18T09:30:00,518.4299926757812,519.52001953125,515.4299926757812,515.52001953125,7134400.0
DIA,2026-06-22T09:30:00,516.8400268554688,518.9099731445312,515.989990234375,517.0800170898438,6552200.0
DIA,2026-06-23T09:30:00,514.6799926757812,518.719970703125,512.969970703125,516.6199951171875,5039200.0
DIA,2026-06-24T09:30:00,516.1900024414062,522.4299926757812,516.010009765625,518.52001953125,4395900.0
DIA,2026-06-25T09:30:00,521.1900024414062,526.5700073242188,518.5499877929688,519.260009765625,5357500.0
DIA,2026-06-26T09:30:00,517.0,521.280029296875,516.0999755859375,517.75,3823600.0
DIA,2026-06-29T09:30:00,520.6300048828125,522.97998046875,519.4000244140625,521.6799926757812,5733400.0
DIA,2026-06-30T09:30:00,522.3499755859375,523.1400146484375,519.5900268554688,522.3900146484375,3607900.0
DIA,2026-07-01T09:30:00,521.4299926757812,526.719970703125,519.6199951171875,522.4000244140625,3438400.0
DIA,2026-07-02T09:30:00,525.489990234375,528.260009765625,523.72998046875,527.8800048828125,3518700.0
DIA,2026-07-06T09:30:00,528.719970703125,530.0900268554688,525.8499755859375,530.0900268554688,3236900.0
DIA,2026-07-07T09:30:00,532.510009765625,532.5399780273438,527.1099853515625,528.4500122070312,4489200.0
DIA,2026-07-08T09:30:00,523.3400268554688,524.4600219726562,520.030029296875,522.77001953125,3575000.0
DIA,2026-07-09T09:30:00,523.6500244140625,525.1500244140625,522.1400146484375,524.1900024414062,3056400.0
DIA,2026-07-10T09:30:00,525.6400146484375,526.469970703125,521.739990234375,525.780029296875,3469400.0
DIA,2026-07-13T09:30:00,525.8400268554688,527.8599853515625,522.9000244140625,524.469970703125,2723800.0
DIA,2026-07-14T09:30:00,523.3200073242188,526.719970703125,522.5599975585938,524.6900024414062,3664000.0
DIA,2026-07-15T09:30:00,525.9000244140625,527.72998046875,523.7000122070312,525.9500122070312,3246900.0
DIA,2026-07-16T09:30:00,526.8099975585938,527.9299926757812,523.0700073242188,524.8300170898438,3173300.0
DIA,2026-07-17T09:30:00,519.6400146484375,525.3599853515625,518.9000244140625,520.8099975585938,4741300.0
DIA,2026-07-20T09:30:00,522.0399780273438,523.4000244140625,517.1599731445312,517.9400024414062,2331700.0
IWM,2026-04-21T09:30:00,278.17999267578125,279.7900085449219,273.760009765625,274.510009765625,32235200.0
IWM,2026-04-22T09:30:00,277.5899963378906,278.010009765625,274.8999938964844,276.4800109863281,20274300.0
IWM,2026-04-23T09:30:00,276.7300109863281,277.8699951171875,271.95001220703125,275.5199890136719,32886600.0
IWM,2026-04-24T09:30:00,276.6700134277344,278.1300048828125,274.2300109863281,276.6499938964844,21568600.0
IWM,2026-04-27T09:30:00,276.82000732421875,278.239990234375,276.25,277.1400146484375,23399400.0
IWM,2026-04-28T09:30:00,276.04998779296875,276.9700012207031,272.9200134277344,273.9100036621094,24139400.0
IWM,2026-04-29T09:30:00,273.9200134277344,274.3800048828125,270.3599853515625,272.0799865722656,29428900.0
IWM,2026-04-30T09:30:00,273.1300048828125,278.2200012207031,272.44000244140625,277.9700012207031,29220700.0
IWM,2026-05-01T09:30:00,278.6600036621094,279.80999755859375,276.57000732421875,279.2799987792969,28936700.0
IWM,2026-05-04T09:30:00,278.70001220703125,280.7900085449219,276.1000061035156,277.8800048828125,28632300.0
IWM,2026-05-05T09:30:00,280.1300048828125,282.95001220703125,280.0,282.55999755859375,24863200.0
IWM,2026-05-06T09:30:00,285.3599853515625,287.04998779296875,283.3599853515625,286.79998779296875,23330300.0
IWM,2026-05-07T09:30:00,287.5299987792969,287.5799865722656,281.1499938964844,282.260009765625,28350400.0
IWM,2026-05-08T09:30:00,284.0400085449219,284.9700012207031,282.6099853515625,284.1700134277344,22474300.0
IWM,2026-05-11T09:30:00,284.9200134277344,287.04998779296875,284.5899963378906,285.3299865722656,20150400.0
IWM,2026-05-12T09:30:00,284.0400085449219,284.05999755859375,278.2799987792969,282.57000732421875,27404600.0
IWM,2026-05-13T09:30:00,282.9200134277344,283.55999755859375,279.92999267578125,282.6700134277344,20742300.0
IWM,2026-05-14T09:30:00,283.8399963378906,285.6600036621094,281.9599914550781,284.45001220703125,17428700.0
IWM,2026-05-15T09:30:00,280.29998779296875,280.3299865722656,277.239990234375,277.6000061035156,35408000.0
IWM,2026-05-18T09:30:00,278.739990234375,279.0799865722656,273.94000244140625,275.9700012207031,27243300.0
IWM,2026-05-19T09:30:00,273.80999755859375,275.0799865722656,270.6300048828125,273.0,30276900.0
IWM,2026-05-20T09:30:00,274.9100036621094,280.0899963378906,273.4100036621094,279.8699951171875,31562000.0
IWM,2026-05-21T09:30:00,278.6600036621094,283.67999267578125,277.1499938964844,282.489990234375,31680500.0
IWM,2026-05-22T09:30:00,284.1000061035156,286.6099853515625,283.6700134277344,285.1199951171875,23849300.0
IWM,2026-05-26T09:30:00,288.3900146484375,290.54998779296875,287.739990234375,290.510009765625,24506500.0
IWM,2026-05-27T09:30:00,291.1600036621094,291.7200012207031,289.30999755859375,290.3699951171875,24519900.0
IWM,2026-05-28T09:30:00,289.6400146484375,292.739990234375,287.9800109863281,292.0299987792969,23710600.0
IWM,2026-05-29T09:30:00,291.3800048828125,291.4100036621094,288.3299865722656,290.42999267578125,26952800.0
IWM,2026-06-01T09:30:00,288.3699951171875,290.6099853515625,286.2699890136719,288.9800109863281,23826100.0
IWM,2026-06-02T09:30:00,288.4599914550781,291.8699951171875,288.3999938964844,291.6600036621094,18378800.0
IWM,2026-06-03T09:30:00,289.989990234375,290.010009765625,286.7799987792969,287.6700134277344,29167300.0
IWM,2026-06-04T09:30:00,287.55999755859375,292.8800048828125,286.6600036621094,292.010009765625,24307800.0
IWM,2026-06-05T09:30:00,289.1000061035156,289.3999938964844,280.1499938964844,281.6499938964844,35812800.0
IWM,2026-06-08T09:30:00,285.510009765625,286.8399963378906,283.5799865722656,284.1099853515625,27277400.0
IWM,2026-06-09T09:30:00,287.17999267578125,290.8699951171875,277.6199951171875,285.0199890136719,41761300.0
IWM,2026-06-10T09:30:00,284.5899963378906,289.0,281.760009765625,282.04998779296875,39285000.0
IWM,2026-06-11T09:30:00,284.44000244140625,291.05999755859375,284.07000732421875,290.4100036621094,41468800.0
IWM,2026-06-12T09:30:00,291.6300048828125,295.7200012207031,290.30999755859375,292.95001220703125,34415200.0
IWM,2026-06-15T09:30:00,296.55999755859375,297.9100036621094,293.9200134277344,294.6400146484375,23889000.0
IWM,2026-06-16T09:30:00,295.5,296.79998779296875,291.5799865722656,292.0799865722656,23807700.0
IWM,2026-06-17T09:30:00,292.4700012207031,295.82000732421875,288.92999267578125,289.8800048828125,39920100.0
IWM,2026-06-18T09:30:00,294.54998779296875,295.9700012207031,291.4200134277344,295.5899963378906,32463200.0
IWM,2026-06-22T09:30:00,297.1300048828125,299.489990234375,296.1600036621094,298.17999267578125,22796200.0
IWM,2026-06-23T09:30:00,293.260009765625,297.75,292.3999938964844,295.32000732421875,26821700.0
IWM,2026-06-24T09:30:00,295.8800048828125,299.69000244140625,294.69000244140625,296.69000244140625,28664900.0
IWM,2026-06-25T09:30:00,299.5199890136719,301.5,296.7300109863281,298.9100036621094,27599900.0
IWM,2026-06-26T09:30:00,296.6000061035156,300.0299987792969,295.7300109863281,299.8299865722656,39832500.0
IWM,2026-06-29T09:30:00,298.1099853515625,299.1600036621094,294.67999267578125,298.9700012207031,24834100.0
IWM,2026-06-30T09:30:00,298.55999755859375,300.9800109863281,297.44000244140625,300.45001220703125,23230300.0
IWM,2026-07-01T09:30:00,299.92999267578125,302.7200012207031,298.9200134277344,299.32000732421875,20607900.0
IWM,2026-07-02T09:30:00,300.5400085449219,302.2300109863281,294.9800109863281,297.5799865722656,21178900.0
IWM,2026-07-06T09:30:00,297.75,300.4100036621094,297.6199951171875,298.8999938964844,18581300.0
IWM,2026-07-07T09:30:00,299.1700134277344,299.9700012207031,295.17999267578125,296.19000244140625,18057100.0
IWM,2026-07-08T09:30:00,294.0299987792969,295.1000061035156,290.67999267578125,293.4800109863281,24078400.0
IWM,2026-07-09T09:30:00,295.2699890136719,297.8800048828125,294.8999938964844,297.239990234375,16466800.0
IWM,2026-07-10T09:30:00,297.69000244140625,298.2099914550781,293.6199951171875,295.989990234375,15888500.0
IWM,2026-07-13T09:30:00,295.05999755859375,295.7799987792969,292.6000061035156,293.4800109863281,19375500.0
IWM,2026-07-14T09:30:00,295.489990234375,296.07000732421875,293.75,294.510009765625,18326900.0
IWM,2026-07-15T09:30:00,295.25,297.1400146484375,294.1499938964844,295.7699890136719,18832700.0
IWM,2026-07-16T09:30:00,294.6499938964844,297.80999755859375,294.3500061035156,295.5899963378906,24081300.0
IWM,2026-07-17T09:30:00,292.0299987792969,296.1300048828125,291.6400146484375,294.0400085449219,28738500.0
IWM,2026-07-20T09:30:00,295.010009765625,295.989990234375,292.17999267578125,292.30999755859375,20518600.0
MSFT,2026-04-21T09:30:00,420.239990234375,427.17999267578125,417.20001220703125,424.1600036621094,32048500.0
MSFT,2026-04-22T09:30:00,426.19000244140625,433.70001220703125,423.6700134277344,432.9200134277344,29378200.0
MSFT,2026-04-23T09:30:00,419.8900146484375,423.6600036621094,411.4100036621094,415.75,38308000.0
MSFT,2026-04-24T09:30:00,416.9700012207031,424.95001220703125,415.79998779296875,424.6199951171875,27457400.0
MSFT,2026-04-27T09:30:00,422.3800048828125,427.1099853515625,417.07000732421875,424.82000732421875,30867300.0
MSFT,2026-04-28T09:30:00,424.57000732421875,429.9200134277344,421.8999938964844,429.25,30438100.0
MSFT,2026-04-29T09:30:00,424.5799865722656,426.82000732421875,420.2900085449219,424.4599914550781,38288300.0
MSFT,2026-04-30T09:30:00,410.80999755859375,414.4200134277344,398.010009765625,407.7799987792969,70909400.0
MSFT,2026-05-01T09:30:00,412.79998779296875,417.1099853515625,410.44000244140625,414.44000244140625,31372400.0
MSFT,2026-05-04T09:30:00,411.5400085449219,420.7799987792969,410.79998779296875,413.6199951171875,28066500.0
MSFT,2026-05-05T09:30:00,415.32000732421875,416.7799987792969,408.79998779296875,411.3800048828125,25700900.0
MSFT,2026-05-06T09:30:00,408.0,418.4200134277344,405.1099853515625,413.9599914550781,30285900.0
MSFT,2026-05-07T09:30:00,420.1099853515625,427.9800109863281,418.760009765625,420.7699890136719,34942400.0
MSFT,2026-05-08T09:30:00,417.3900146484375,418.6300048828125,414.0,415.1199951171875,33383800.0
MSFT,2026-05-11T09:30:00,407.8699951171875,412.69000244140625,405.5,412.6600036621094,35657900.0
MSFT,2026-05-12T09:30:00,414.4800109863281,415.5,406.6400146484375,407.7699890136719,38594200.0
MSFT,2026-05-13T09:30:00,403.20001220703125,406.30999755859375,401.0299987792969,405.2099914550781,29667100.0
MSFT,2026-05-14T09:30:00,404.4800109863281,411.8399963378906,400.8800048828125,409.42999267578125,27077500.0
MSFT,2026-05-15T09:30:00,414.2699890136719,428.1700134277344,412.9100036621094,421.9200134277344,50771200.0
MSFT,2026-05-18T09:30:00,416.6199951171875,425.1199951171875,415.6099853515625,423.5400085449219,32564100.0
MSFT,2026-05-19T09:30:00,429.8999938964844,432.70001220703125,416.489990234375,417.4200134277344,33018700.0
MSFT,2026-05-20T09:30:00,414.1700134277344,422.1000061035156,411.29998779296875,421.05999755859375,27864000.0
MSFT,2026-05-21T09:30:00,424.75,426.3399963378906,415.7099914550781,419.0899963378906,31393500.0
MSFT,2026-05-22T09:30:00,419.5400085449219,424.3999938964844,416.3299865722656,418.57000732421875,22390300.0
MSFT,2026-05-26T09:30:00,416.42999267578125,419.7699890136719,413.0199890136719,416.0299987792969,30398000.0
MSFT,2026-05-27T09:30:00,411.010009765625,415.94000244140625,409.5799865722656,412.6700134277344,28901500.0
MSFT,2026-05-28T09:30:00,412.9800109863281,429.489990234375,412.6700134277344,426.989990234375,47250500.0
MSFT,2026-05-29T09:30:00,432.54998779296875,450.3299865722656,432.3599853515625,450.239990234375,79654400.0
MSFT,2026-06-01T09:30:00,464.8399963378906,466.32000732421875,458.2699890136719,460.5199890136719,53628900.0
MSFT,2026-06-02T09:30:00,446.8800048828125,453.5,440.42999267578125,441.30999755859375,37036800.0
MSFT,2026-06-03T09:30:00,438.45001220703125,440.3900146484375,424.25,427.3399963378906,39037000.0
MSFT,2026-06-04T09:30:00,435.80999755859375,436.1499938964844,426.4100036621094,428.04998779296875,26899500.0
MSFT,2026-06-05T09:30:00,428.3399963378906,429.4700012207031,414.3999938964844,416.6700134277344,34782200.0
MSFT,2026-06-08T09:30:00,414.1400146484375,417.1600036621094,408.55999755859375,411.739990234375,32086700.0
MSFT,2026-06-09T09:30:00,409.0299987792969,411.9800109863281,398.4800109863281,403.4100036621094,35317300.0
MSFT,2026-06-10T09:30:00,398.54998779296875,405.0400085449219,397.1600036621094,397.3599853515625,32576000.0
MSFT,2026-06-11T09:30:00,395.2099914550781,396.8500061035156,384.0,390.3399963378906,47224100.0
MSFT,2026-06-12T09:30:00,391.42999267578125,391.739990234375,382.2699890136719,390.739990234375,34865800.0
MSFT,2026-06-15T09:30:00,396.79998779296875,401.75,392.8500061035156,399.760009765625,32266400.0
MSFT,2026-06-16T09:30:00,395.7900085449219,396.8399963378906,390.69000244140625,393.8299865722656,31506800.0
MSFT,2026-06-17T09:30:00,390.25,390.3699951171875,377.32000732421875,378.9100036621094,41987800.0
MSFT,2026-06-18T09:30:00,377.82000732421875,381.3699951171875,373.2799987792969,379.3999938964844,59714200.0
MSFT,2026-06-22T09:30:00,375.739990234375,381.6300048828125,367.07000732421875,367.3399963378906,45171100.0
MSFT,2026-06-23T09:30:00,372.3800048828125,377.2200012207031,370.6700134277344,373.94000244140625,40647600.0
MSFT,2026-06-24T09:30:00,371.57000732421875,378.8800048828125,364.7799987792969,365.4599914550781,44509900.0
MSFT,2026-06-25T09:30:00,362.7699890136719,364.2300109863281,349.20001220703125,352.8299865722656,66179000.0
MSFT,2026-06-26T09:30:00,357.1499938964844,376.6099853515625,355.42999267578125,372.9700012207031,186201600.0
MSFT,2026-06-29T09:30:00,377.5,380.5,359.8999938964844,368.57000732421875,51229900.0
MSFT,2026-06-30T09:30:00,371.0299987792969,374.1499938964844,367.45001220703125,373.0199890136719,44945700.0
MSFT,2026-07-01T09:30:00,380.8299865722656,388.8299865722656,374.8900146484375,384.2799987792969,48065800.0
MSFT,2026-07-02T09:30:00,384.4800109863281,392.20001220703125,383.70001220703125,390.489990234375,42128900.0
MSFT,2026-07-06T09:30:00,387.0400085449219,389.1499938964844,381.2200012207031,386.739990234375,34224500.0
MSFT,2026-07-07T09:30:00,392.489990234375,395.57000732421875,388.2200012207031,388.8399963378906,29297500.0
MSFT,2026-07-08T09:30:00,384.0299987792969,385.30999755859375,381.3299865722656,383.3399963378906,25908300.0
MSFT,2026-07-09T09:30:00,374.45001220703125,384.6499938964844,373.3500061035156,384.3599853515625,31083200.0
MSFT,2026-07-10T09:30:00,387.79998779296875,391.9100036621094,381.5,385.1000061035156,24644600.0
MSFT,2026-07-13T09:30:00,387.75,393.6499938964844,384.1499938964844,390.989990234375,28914900.0
MSFT,2026-07-14T09:30:00,382.82000732421875,388.19000244140625,378.6499938964844,384.92999267578125,27863900.0
MSFT,2026-07-15T09:30:00,387.79998779296875,398.9599914550781,386.3999938964844,395.6300048828125,36253700.0
MSFT,2026-07-16T09:30:00,398.30999755859375,405.989990234375,392.04998779296875,401.1000061035156,37047400.0
MSFT,2026-07-17T09:30:00,394.8599853515625,398.3900146484375,389.3900146484375,393.82000732421875,33049800.0
MSFT,2026-07-20T09:30:00,391.4100036621094,403.17999267578125,389.6499938964844,402.2900085449219,27863300.0
NVDA,2026-04-21T09:30:00,202.1300048828125,202.75,199.0,199.8800048828125,107945300.0
NVDA,2026-04-22T09:30:00,200.99000549316406,202.5,199.0,202.5,107501000.0
NVDA,2026-04-23T09:30:00,202.4600067138672,203.8300018310547,197.22000122070312,199.63999938964844,113561800.0
NVDA,2026-04-24T09:30:00,199.9600067138672,210.9499969482422,199.80999755859375,208.27000427246094,214134400.0
NVDA,2026-04-27T09:30:00,209.64999389648438,216.8300018310547,207.3800048828125,216.61000061035156,187172400.0
NVDA,2026-04-28T09:30:00,209.49000549316406,214.72999572753906,208.1999969482422,213.1699981689453,180275400.0
NVDA,2026-04-29T09:30:00,212.6999969482422,212.72000122070312,207.5800018310547,209.25,123711800.0
NVDA,2026-04-30T09:30:00,209.92999267578125,210.3000030517578,198.6999969482422,199.57000732421875,225239200.0
NVDA,2026-05-01T09:30:00,201.27999877929688,203.0,197.1199951171875,198.4499969482422,128647000.0
NVDA,2026-05-04T09:30:00,199.5,201.72999572753906,194.74000549316406,198.47999572753906,125368100.0
NVDA,2026-05-05T09:30:00,199.3000030517578,200.24000549316406,196.02999877929688,196.5,113406600.0
NVDA,2026-05-06T09:30:00,199.88999938964844,208.27000427246094,198.61000061035156,207.8300018310547,188362800.0
NVDA,2026-05-07T09:30:00,208.33999633789062,214.1999969482422,206.5,211.5,168307900.0
NVDA,2026-05-08T09:30:00,213.02999877929688,217.8000030517578,212.88999938964844,215.1999969482422,136421400.0
NVDA,2026-05-11T09:30:00,214.0399932861328,222.3000030517578,213.88999938964844,219.44000244140625,160685800.0
NVDA,2026-05-12T09:30:00,218.5500030517578,223.75,214.9199981689453,220.77999877929688,159176600.0
NVDA,2026-05-13T09:30:00,224.92999267578125,227.83999633789062,221.57000732421875,225.8300018310547,150405400.0
NVDA,2026-05-14T09:30:00,229.85000610351562,236.5399932861328,229.3000030517578,235.74000549316406,180782900.0
NVDA,2026-05-15T09:30:00,229.75999450683594,231.5,224.24000549316406,225.32000732421875,180977600.0
NVDA,2026-05-18T09:30:00,229.8699951171875,230.0,218.3699951171875,222.32000732421875,146280900.0
NVDA,2026-05-19T09:30:00,219.6199951171875,224.47999572753906,217.91000366210938,220.61000061035156,140948200.0
NVDA,2026-05-20T09:30:00,223.17999267578125,226.1300048828125,220.5,223.47000122070312,184201600.0
NVDA,2026-05-21T09:30:00,222.2899932861328,227.39999389648438,217.92999267578125,219.50999450683594,203381800.0
NVDA,2026-05-22T09:30:00,220.89999389648438,221.00999450683594,214.8000030517578,215.3300018310547,169275700.0
NVDA,2026-05-26T09:30:00,216.5399932861328,218.17999267578125,212.0,214.86000061035156,187202600.0
NVDA,2026-05-27T09:30:00,214.1199951171875,214.14999389648438,208.77999877929688,212.60000610351562,167601200.0
NVDA,2026-05-28T09:30:00,211.27999877929688,215.52000427246094,211.22000122070312,214.25,143996000.0
NVDA,2026-05-29T09:30:00,214.5800018310547,217.86000061035156,211.1300048828125,211.13999938964844,289410600.0
NVDA,2026-06-01T09:30:00,215.72999572753906,224.8699951171875,215.6999969482422,224.36000061035156,212850700.0
NVDA,2026-06-02T09:30:00,227.17999267578125,232.27999877929688,221.35000610351562,222.82000732421875,193362900.0
NVDA,2026-06-03T09:30:00,221.72000122070312,222.82000732421875,214.50999450683594,214.75,160907000.0
NVDA,2026-06-04T09:30:00,213.91000366210938,221.60000610351562,210.97000122070312,218.66000366210938,169022200.0
NVDA,2026-06-05T09:30:00,214.52999877929688,214.8699951171875,204.3300018310547,205.10000610351562,219655500.0
NVDA,2026-06-08T09:30:00,210.17999267578125,210.47000122070312,206.0,208.63999938964844,138372800.0
NVDA,2026-06-09T09:30:00,210.6199951171875,211.39999389648438,199.33999633789062,208.19000244140625,180962500.0
NVDA,2026-06-10T09:30:00,204.42999267578125,207.22000122070312,199.9199981689453,200.4199981689453,161746600.0
NVDA,2026-06-11T09:30:00,201.49000549316406,205.66000366210938,199.5399932861328,204.8699951171875,158643200.0
NVDA,2026-06-12T09:30:00,204.86000061035156,207.07000732421875,203.44000244140625,205.19000244140625,112001800.0
NVDA,2026-06-15T09:30:00,208.9199981689453,212.7100067138672,208.33999633789062,212.4499969482422,149936700.0
NVDA,2026-06-16T09:30:00,211.17999267578125,211.49000549316406,207.2899932861328,207.41000366210938,125694100.0
NVDA,2026-06-17T09:30:00,208.52999877929688,209.2100067138672,203.0800018310547,204.64999389648438,128363500.0
NVDA,2026-06-18T09:30:00,207.3300018310547,211.38999938964844,206.5,210.69000244140625,241272000.0
NVDA,2026-06-22T09:30:00,211.44000244140625,213.99000549316406,207.72000122070312,208.64999389648438,122041400.0
NVDA,2026-06-23T09:30:00,202.1699981689453,203.77000427246094,200.0,200.0399932861328,153496200.0
NVDA,2026-06-24T09:30:00,200.1199951171875,201.6699981689453,196.5800018310547,199.0,151810700.0
NVDA,2026-06-25T09:30:00,200.0800018310547,200.8000030517578,192.1300048828125,195.74000549316406,149550000.0
NVDA,2026-06-26T09:30:00,193.1199951171875,195.5500030517578,191.22000122070312,192.52999877929688,179304100.0
NVDA,2026-06-29T09:30:00,193.85000610351562,196.17999267578125,189.8000030517578,194.97000122070312,148835700.0
NVDA,2026-06-30T09:30:00,197.24000549316406,200.6300048828125,195.11000061035156,200.08999633789062,166476700.0
NVDA,2026-07-01T09:30:00,196.1999969482422,199.85000610351562,193.4499969482422,197.5800018310547,146147600.0
NVDA,2026-07-02T09:30:00,197.13999938964844,200.05999755859375,192.35000610351562,194.8300018310547,142068700.0
NVDA,2026-07-06T09:30:00,194.4199981689453,197.5500030517578,193.99000549316406,195.5500030517578,108999000.0
NVDA,2026-07-07T09:30:00,192.3699951171875,198.41000366210938,191.13999938964844,196.92999267578125,124154600.0
NVDA,2026-07-08T09:30:00,195.17999267578125,205.16000366210938,195.05999755859375,204.1199951171875,147419100.0
NVDA,2026-07-09T09:30:00,204.4600067138672,204.58999633789062,198.9600067138672,202.77999877929688,132037400.0
NVDA,2026-07-10T09:30:00,202.0,211.0,201.9199981689453,210.9600067138672,148421000.0
NVDA,2026-07-13T09:30:00,208.5399932861328,210.57000732421875,203.0,203.52999877929688,121411000.0
NVDA,2026-07-14T09:30:00,208.1999969482422,212.5500030517578,203.8000030517578,211.8000030517578,124379600.0
NVDA,2026-07-15T09:30:00,211.9600067138672,213.80999755859375,206.0399932861328,212.5,124797200.0
NVDA,2026-07-16T09:30:00,210.1699981689453,211.0800018310547,205.85000610351562,207.39999389648438,122986100.0
NVDA,2026-07-17T09:30:00,202.63999938964844,206.64999389648438,197.97000122070312,202.80999755859375,144281900.0
NVDA,2026-07-20T09:30:00,205.8699951171875,207.74000549316406,202.27999877929688,203.27999877929688,88489800.0
QQQ,2026-04-21T09:30:00,648.4099731445312,650.2000122070312,642.2100219726562,644.3300170898438,39580500.0
QQQ,2026-04-22T09:30:00,650.1500244140625,655.3300170898438,648.52001953125,655.1099853515625,37368400.0
QQQ,2026-04-23T09:30:00,653.5499877929688,656.9199829101562,645.52001953125,651.4199829101562,40099800.0
QQQ,2026-04-24T09:30:00,658.510009765625,664.510009765625,656.530029296875,663.8800048828125,45563100.0
QQQ,2026-04-27T09:30:00,663.4000244140625,664.4299926757812,660.6900024414062,664.22998046875,32717000.0
QQQ,2026-04-28T09:30:00,657.4099731445312,659.6400146484375,653.8099975585938,657.5499877929688,34147900.0
QQQ,2026-04-29T09:30:00,658.6300048828125,661.719970703125,656.5900268554688,661.5700073242188,31724900.0
QQQ,2026-04-30T09:30:00,665.3499755859375,668.9000244140625,657.5599975585938,667.739990234375,40622200.0
QQQ,2026-05-01T09:30:00,669.1599731445312,675.969970703125,668.7999877929688,674.1500244140625,39172600.0
QQQ,2026-05-04T09:30:00,674.6599731445312,676.72998046875,668.9000244140625,672.8800048828125,34542000.0
QQQ,2026-05-05T09:30:00,677.9600219726562,682.77001953125,677.510009765625,681.6099853515625,37101100.0
QQQ,2026-05-06T09:30:00,687.780029296875,695.9299926757812,686.47998046875,695.77001953125,38778500.0
QQQ,2026-05-07T09:30:00,696.5800170898438,701.239990234375,691.77001953125,694.9400024414062,43779100.0
QQQ,2026-05-08T09:30:00,699.9199829101562,711.22998046875,699.5,711.22998046875,44320400.0
QQQ,2026-05-11T09:30:00,710.3599853515625,714.5900268554688,708.9099731445312,713.2899780273438,36019100.0
QQQ,2026-05-12T09:30:00,708.219970703125,710.1799926757812,696.6400146484375,707.239990234375,45873000.0
QQQ,2026-05-13T09:30:00,709.9600219726562,716.6500244140625,704.8300170898438,714.7100219726562,40012500.0
QQQ,2026-05-14T09:30:00,714.6199951171875,722.030029296875,714.219970703125,719.7899780273438,33327500.0
QQQ,2026-05-15T09:30:00,710.1400146484375,715.1300048828125,705.5499877929688,708.9299926757812,51792700.0
QQQ,2026-05-18T09:30:00,711.5399780273438,712.0700073242188,698.8499755859375,705.8800048828125,49834500.0
QQQ,2026-05-19T09:30:00,699.8099975585938,706.489990234375,695.25,701.530029296875,46827500.0
QQQ,2026-05-20T09:30:00,705.2899780273438,713.1500244140625,703.7899780273438,713.1500244140625,36779200.0
QQQ,2026-05-21T09:30:00,708.989990234375,717.1199951171875,706.77001953125,714.510009765625,36415400.0
QQQ,2026-05-22T09:30:00,718.0700073242188,722.1199951171875,715.9500122070312,717.5399780273438,33118600.0
QQQ,2026-05-26T09:30:00,725.9600219726562,731.1699829101562,724.1599731445312,730.280029296875,34254700.0
QQQ,2026-05-27T09:30:00,732.9600219726562,733.3200073242188,725.4400024414062,729.4500122070312,35148700.0
QQQ,2026-05-28T09:30:00,729.72998046875,736.5999755859375,726.4099731445312,735.5999755859375,32840000.0
QQQ,2026-05-29T09:30:00,737.8400268554688,741.6300048828125,735.25,738.3099975585938,37541700.0
QQQ,2026-06-01T09:30:00,737.0399780273438,745.6500244140625,735.989990234375,742.739990234375,33890600.0
QQQ,2026-06-02T09:30:00,742.4000244140625,746.4400024414062,739.22998046875,746.1599731445312,30085200.0
QQQ,2026-06-03T09:30:00,747.3099975585938,748.6500244140625,741.010009765625,744.2100219726562,40270200.0
QQQ,2026-06-04T09:30:00,735.47998046875,743.5,732.6199951171875,740.6099853515625,40782600.0
QQQ,2026-06-05T09:30:00,730.0599975585938,731.6900024414062,704.3200073242188,705.0599975585938,99606600.0
QQQ,2026-06-08T09:30:00,717.8099975585938,723.030029296875,713.0700073242188,716.0700073242188,47401500.0
QQQ,2026-06-09T09:30:00,722.97998046875,725.6599731445312,686.3699951171875,707.8300170898438,91932200.0
QQQ,2026-06-10T09:30:00,701.6599731445312,711.280029296875,692.9299926757812,693.6900024414062,65334300.0
QQQ,2026-06-11T09:30:00,699.2899780273438,718.3699951171875,695.0,717.1199951171875,71798900.0
QQQ,2026-06-12T09:30:00,717.6099853515625,724.010009765625,711.280029296875,721.3400268554688,51168400.0
QQQ,2026-06-15T09:30:00,738.0999755859375,744.760009765625,737.3800048828125,744.0,46710200.0
QQQ,2026-06-16T09:30:00,742.25,744.219970703125,729.6400146484375,729.8599853515625,45348700.0
QQQ,2026-06-17T09:30:00,735.1900024414062,735.6799926757812,720.8499755859375,722.510009765625,51669300.0
QQQ,2026-06-18T09:30:00,737.2000122070312,741.8200073242188,732.510009765625,740.6199951171875,50154600.0
QQQ,2026-06-22T09:30:00,742.02001953125,745.4500122070312,734.3900146484375,737.9500122070312,43518600.0
QQQ,2026-06-23T09:30:00,715.739990234375,723.6099853515625,712.1099853515625,713.6500244140625,53354200.0
QQQ,2026-06-24T09:30:00,715.3699951171875,719.9299926757812,704.4500122070312,710.6199951171875,52480400.0
QQQ,2026-06-25T09:30:00,725.9000244140625,726.8300170898438,705.2999877929688,716.3800048828125,49668000.0
QQQ,2026-06-26T09:30:00,707.1300048828125,715.5599975585938,702.8099975585938,706.52001953125,47081800.0
QQQ,2026-06-29T09:30:00,713.989990234375,724.5800170898438,705.1699829101562,724.0800170898438,44939100.0
QQQ,2026-06-30T09:30:00,724.1799926757812,737.6199951171875,723.9099731445312,736.4000244140625,42121800.0
QQQ,2026-07-01T09:30:00,729.1900024414062,731.9199829101562,724.5999755859375,725.1699829101562,40803800.0
QQQ,2026-07-02T09:30:00,725.5800170898438,730.8300170898438,707.5599975585938,712.5999755859375,50959800.0
QQQ,2026-07-06T09:30:00,719.9299926757812,726.0800170898438,718.4500122070312,722.8200073242188,30220400.0
QQQ,2026-07-07T09:30:00,714.1699829101562,716.3499755859375,704.9000244140625,709.4299926757812,42483100.0
QQQ,2026-07-08T09:30:00,704.9500122070312,712.260009765625,700.9099731445312,711.4400024414062,35603200.0
QQQ,2026-07-09T09:30:00,718.3300170898438,724.22998046875,715.1300048828125,723.280029296875,33654700.0
QQQ,2026-07-10T09:30:00,720.7000122070312,726.3900146484375,717.0,725.510009765625,26415900.0
QQQ,2026-07-13T09:30:00,717.719970703125,718.739990234375,710.0800170898438,711.739990234375,36552400.0
QQQ,2026-07-14T09:30:00,720.219970703125,722.2899780273438,714.3400268554688,719.6900024414062,29448100.0
QQQ,2026-07-15T09:30:00,723.8499755859375,724.3599853515625,710.22998046875,717.739990234375,32627600.0
QQQ,2026-07-16T09:30:00,712.010009765625,713.5999755859375,702.6099853515625,705.9400024414062,39402000.0
QQQ,2026-07-17T09:30:00,691.6500244140625,702.2999877929688,686.760009765625,695.3300170898438,54109300.0
QQQ,2026-07-20T09:30:00,702.1599731445312,705.7999877929688,695.510009765625,696.0599975585938,29529400.0
SPY,2026-04-21T09:30:00,710.280029296875,711.280029296875,702.6400146484375,704.0800170898438,58941400.0
SPY,2026-04-22T09:30:00,709.1500244140625,711.4500122070312,708.219970703125,711.2100219726562,42518500.0
SPY,2026-04-23T09:30:00,709.5,712.3599853515625,702.280029296875,708.4500122070312,56174000.0
SPY,2026-04-24T09:30:00,710.75,714.469970703125,709.010009765625,713.9400024414062,45182000.0
SPY,2026-04-27T09:30:00,713.1699829101562,715.6300048828125,712.2999877929688,715.1699829101562,33135900.0
SPY,2026-04-28T09:30:00,711.8200073242188,712.8800048828125,709.25,711.6900024414062,43117400.0
SPY,2026-04-29T09:30:00,711.0,712.2000122070312,708.3699951171875,711.5800170898438,41859200.0
SPY,2026-04-30T09:30:00,714.6300048828125,719.7899780273438,710.4500122070312,718.6599731445312,67240900.0
SPY,2026-05-01T09:30:00,721.25,724.8699951171875,720.469970703125,720.6500244140625,43049800.0
SPY,2026-05-04T09:30:00,720.0700073242188,722.1199951171875,714.989990234375,718.010009765625,51950600.0
SPY,2026-05-05T09:30:00,721.77001953125,725.0399780273438,721.489990234375,723.77001953125,36933200.0
SPY,2026-05-06T09:30:00,728.1599731445312,734.5900268554688,727.8200073242188,733.8300170898438,53288900.0
SPY,2026-05-07T09:30:00,735.0499877929688,736.1300048828125,729.75,731.5800170898438,51724600.0
SPY,2026-05-08T09:30:00,734.9299926757812,738.0800170898438,734.5700073242188,737.6199951171875,47227100.0
SPY,2026-05-11T09:30:00,736.4500122070312,740.7899780273438,736.4500122070312,739.2999877929688,44024000.0
SPY,2026-05-12T09:30:00,736.8900146484375,738.8400268554688,731.8300170898438,738.1799926757812,54185300.0
SPY,2026-05-13T09:30:00,738.469970703125,743.9099731445312,735.469970703125,742.3099975585938,44200200.0
SPY,2026-05-14T09:30:00,743.6500244140625,749.530029296875,743.5599975585938,748.1699829101562,45307600.0
SPY,2026-05-15T09:30:00,741.7899780273438,743.4600219726562,737.9600219726562,739.1699829101562,60410800.0
SPY,2026-05-18T09:30:00,739.8300170898438,741.4199829101562,733.3900146484375,738.6500244140625,47843900.0
SPY,2026-05-19T09:30:00,734.780029296875,737.6500244140625,731.530029296875,733.72998046875,54255900.0
SPY,2026-05-20T09:30:00,735.7100219726562,741.8699951171875,733.8900146484375,741.25,45768000.0
SPY,2026-05-21T09:30:00,738.6400146484375,744.8699951171875,737.030029296875,742.719970703125,43332200.0
SPY,2026-05-22T09:30:00,746.239990234375,748.9400024414062,744.47998046875,745.6400146484375,41762000.0
SPY,2026-05-26T09:30:00,750.010009765625,752.1300048828125,748.3699951171875,750.5900268554688,41123600.0
SPY,2026-05-27T09:30:00,750.8800048828125,751.3800048828125,748.219970703125,750.4600219726562,42106300.0
SPY,2026-05-28T09:30:00,750.25,755.1500244140625,749.22998046875,754.5999755859375,41562600.0
SPY,2026-05-29T09:30:00,755.9000244140625,758.0800170898438,754.6900024414062,756.47998046875,55075700.0
SPY,2026-06-01T09:30:00,755.3599853515625,760.280029296875,754.6900024414062,758.5399780273438,43634900.0
SPY,2026-06-02T09:30:00,757.030029296875,760.4000244140625,756.75,759.5700073242188,31581900.0
SPY,2026-06-03T09:30:00,758.1500244140625,758.7999877929688,753.5700073242188,754.239990234375,51402500.0
SPY,2026-06-04T09:30:00,752.0999755859375,758.3099975585938,751.469970703125,757.0900268554688,49923000.0
SPY,2026-06-05T09:30:00,752.3099975585938,752.8200073242188,735.530029296875,737.5499877929688,93989400.0
SPY,2026-06-08T09:30:00,743.3599853515625,745.3400268554688,738.1900024414062,739.219970703125,49319100.0
SPY,2026-06-09T09:30:00,743.6300048828125,746.9000244140625,722.5900268554688,737.0499877929688,87683500.0
SPY,2026-06-10T09:30:00,733.3900146484375,738.3800048828125,725.3300170898438,725.4299926757812,60341300.0
SPY,2026-06-11T09:30:00,728.760009765625,740.0,724.4099731445312,737.760009765625,86330500.0
SPY,2026-06-12T09:30:00,740.7100219726562,744.4400024414062,735.030029296875,741.75,57079500.0
SPY,2026-06-15T09:30:00,751.8499755859375,756.6799926757812,751.760009765625,754.8300170898438,60176400.0
SPY,2026-06-16T09:30:00,754.5499877929688,755.4400024414062,749.8800048828125,750.3300170898438,67093100.0
SPY,2026-06-17T09:30:00,751.2899780273438,752.1500244140625,739.219970703125,740.9600219726562,85945200.0
SPY,2026-06-18T09:30:00,747.760009765625,748.22998046875,743.8599853515625,746.739990234375,80875700.0
SPY,2026-06-22T09:30:00,747.7000122070312,750.1799926757812,743.1300048828125,744.3900146484375,46628100.0
SPY,2026-06-23T09:30:00,733.8099975585938,739.6300048828125,732.2999877929688,733.5800170898438,66846800.0
SPY,2026-06-24T09:30:00,735.1699829101562,739.9500122070312,730.8400268554688,733.239990234375,57439500.0
SPY,2026-06-25T09:30:00,738.9099731445312,739.3699951171875,729.5999755859375,734.2999877929688,53934400.0
SPY,2026-06-26T09:30:00,728.9500122070312,736.530029296875,716.5800170898438,728.989990234375,71034000.0
SPY,2026-06-29T09:30:00,736.530029296875,741.5599975585938,732.0900268554688,741.0,58035200.0
SPY,2026-06-30T09:30:00,741.2899780273438,748.02001953125,740.8900146484375,746.77001953125,55626000.0
SPY,2026-07-01T09:30:00,745.0,749.4400024414062,742.3800048828125,745.760009765625,47100900.0
SPY,2026-07-02T09:30:00,747.4000244140625,751.3099975585938,740.030029296875,744.780029296875,57447800.0
SPY,2026-07-06T09:30:00,748.739990234375,752.4099731445312,747.4099731445312,751.280029296875,50673300.0
SPY,2026-07-07T09:30:00,750.219970703125,750.9600219726562,745.2100219726562,747.7100219726562,43721500.0
SPY,2026-07-08T09:30:00,743.1599731445312,746.1500244140625,739.510009765625,745.4000244140625,43767400.0
SPY,2026-07-09T09:30:00,747.3499755859375,751.969970703125,745.5900268554688,751.7100219726562,41441700.0
SPY,2026-07-10T09:30:00,752.0499877929688,755.4199829101562,748.0999755859375,754.9500122070312,42191300.0
SPY,2026-07-13T09:30:00,752.469970703125,753.9099731445312,748.0,749.1699829101562,44013600.0
SPY,2026-07-14T09:30:00,750.9099731445312,753.3400268554688,748.6599731445312,751.8300170898438,35143100.0
SPY,2026-07-15T09:30:00,754.239990234375,755.5800170898438,750.2000122070312,754.8099975585938,43844800.0
SPY,2026-07-16T09:30:00,752.760009765625,754.5700073242188,747.8800048828125,750.719970703125,46409800.0
SPY,2026-07-17T09:30:00,742.0800170898438,747.2899780273438,740.7999877929688,743.2899780273438,62651000.0
SPY,2026-07-20T09:30:00,747.0599975585938,748.72998046875,741.510009765625,742.0900268554688,50356100.0
TSLA,2026-04-21T09:30:00,393.0,393.95001220703125,385.2200012207031,386.4200134277344,50530600.0
TSLA,2026-04-22T09:30:00,387.57000732421875,393.010009765625,385.29998779296875,387.510009765625,62362800.0
TSLA,2026-04-23T09:30:00,375.2799987792969,386.0,368.3900146484375,373.7200012207031,93969500.0
TSLA,2026-04-24T09:30:00,373.5,382.760009765625,370.7300109863281,376.29998779296875,62893300.0
TSLA,2026-04-27T09:30:00,372.0899963378906,380.7799987792969,364.0199890136719,378.6700134277344,66735800.0
TSLA,2026-04-28T09:30:00,374.67999267578125,382.2900085449219,372.5400085449219,376.0199890136719,50864400.0
TSLA,2026-04-29T09:30:00,375.3999938964844,376.3999938964844,370.0400085449219,372.79998779296875,45384800.0
TSLA,2026-04-30T09:30:00,372.75,384.75,368.1700134277344,381.6300048828125,51076000.0
TSLA,2026-05-01T09:30:00,382.489990234375,397.82000732421875,378.79998779296875,390.82000732421875,65338300.0
TSLA,2026-05-04T09:30:00,390.2300109863281,394.6400146484375,384.79998779296875,392.510009765625,48765100.0
TSLA,2026-05-05T09:30:00,395.19000244140625,402.1199951171875,389.0,389.3699951171875,47780600.0
TSLA,2026-05-06T09:30:00,386.25,401.67999267578125,384.0199890136719,398.7300109863281,53465400.0
TSLA,2026-05-07T09:30:00,407.4800109863281,415.8299865722656,402.1199951171875,411.7900085449219,64294200.0
TSLA,2026-05-08T09:30:00,416.4800109863281,431.20001220703125,416.3900146484375,428.3500061035156,65050000.0
TSLA,2026-05-11T09:30:00,422.1600036621094,449.1600036621094,416.79998779296875,445.0,78376100.0
TSLA,2026-05-12T09:30:00,441.4100036621094,447.79998779296875,422.260009765625,433.45001220703125,60569300.0
TSLA,2026-05-13T09:30:00,436.6700134277344,453.3999938964844,430.2099914550781,445.2699890136719,68283200.0
TSLA,2026-05-14T09:30:00,446.489990234375,451.9800109863281,441.1600036621094,443.29998779296875,46070400.0
TSLA,2026-05-15T09:30:00,433.9800109863281,434.6600036621094,422.0,422.239990234375,52688700.0
TSLA,2026-05-18T09:30:00,419.2699890136719,421.1300048828125,405.3299865722656,409.989990234375,52474200.0
TSLA,2026-05-19T09:30:00,403.1600036621094,405.6300048828125,393.6300048828125,404.1099853515625,46500600.0
TSLA,2026-05-20T09:30:00,407.6000061035156,417.4599914550781,406.3900146484375,417.260009765625,45294700.0
TSLA,2026-05-21T09:30:00,422.17999267578125,426.95001220703125,412.8999938964844,417.8500061035156,42636900.0
TSLA,2026-05-22T09:30:00,422.6700134277344,431.510009765625,420.510009765625,426.010009765625,46104700.0
TSLA,2026-05-26T09:30:00,430.260009765625,435.20001220703125,426.1199951171875,433.5899963378906,45658900.0
TSLA,2026-05-27T09:30:00,442.8900146484375,445.6000061035156,435.5199890136719,440.3599853515625,44656500.0
TSLA,2026-05-28T09:30:00,437.6199951171875,443.9599914550781,436.29998779296875,442.1000061035156,32435000.0
TSLA,2026-05-29T09:30:00,439.8500061035156,441.07000732421875,428.1400146484375,435.7900085449219,45176800.0
TSLA,2026-06-01T09:30:00,427.489990234375,429.6000061035156,415.42999267578125,415.8800048828125,44937900.0
TSLA,2026-06-02T09:30:00,418.2200012207031,424.4200134277344,413.6499938964844,423.739990234375,37596000.0
TSLA,2026-06-03T09:30:00,418.70001220703125,433.6000061035156,416.0,423.70001220703125,44500700.0
TSLA,2026-06-04T09:30:00,419.8399963378906,426.3500061035156,417.1600036621094,418.45001220703125,35323300.0
TSLA,2026-06-05T09:30:00,420.5,424.67999267578125,388.5899963378906,391.0,63420200.0
TSLA,2026-06-08T09:30:00,396.3299865722656,412.94000244140625,394.7200012207031,408.95001220703125,50328800.0
TSLA,2026-06-09T09:30:00,411.0299987792969,418.5,384.239990234375,396.67999267578125,59940200.0
TSLA,2026-06-10T09:30:00,391.5400085449219,397.0899963378906,380.1499938964844,381.5899963378906,49695600.0
TSLA,2026-06-11T09:30:00,388.2799987792969,399.5400085449219,380.6600036621094,399.1499938964844,45324300.0
TSLA,2026-06-12T09:30:00,399.489990234375,406.67999267578125,386.760009765625,406.42999267578125,63514500.0
TSLA,2026-06-15T09:30:00,412.3699951171875,416.0,407.1000061035156,411.1499938964844,45620500.0
TSLA,2026-06-16T09:30:00,404.1099853515625,412.4200134277344,400.5400085449219,404.6600036621094,40255500.0
TSLA,2026-06-17T09:30:00,401.5299987792969,405.94000244140625,393.760009765625,396.3800048828125,43534300.0
TSLA,2026-06-18T09:30:00,398.1000061035156,402.5199890136719,384.70001220703125,400.489990234375,58384700.0
TSLA,2026-06-22T09:30:00,394.8500061035156,414.75,394.3999938964844,405.04998779296875,47819500.0
TSLA,2026-06-23T09:30:00,392.6099853515625,392.8699951171875,379.05999755859375,381.6099853515625,50420200.0
TSLA,2026-06-24T09:30:00,380.0799865722656,384.5799865722656,373.04998779296875,375.5299987792969,37081400.0
TSLA,2026-06-25T09:30:00,375.2699890136719,379.1199951171875,371.2200012207031,375.1199951171875,30138800.0
TSLA,2026-06-26T09:30:00,370.1499938964844,387.79998779296875,368.6000061035156,379.7099914550781,53434100.0
TSLA,2026-06-29T09:30:00,381.7900085449219,413.2699890136719,379.29998779296875,411.8399963378906,57645800.0
TSLA,2026-06-30T09:30:00,406.0,424.5400085449219,406.0,420.6000061035156,43385600.0
TSLA,2026-07-01T09:30:00,421.4599914550781,432.8599853515625,418.0899963378906,425.29998779296875,40127900.0
TSLA,2026-07-02T09:30:00,428.010009765625,432.3500061035156,389.29998779296875,393.45001220703125,73717700.0
TSLA,2026-07-06T09:30:00,397.5,420.0,390.5,419.7699890136719,54727900.0
TSLA,2026-07-07T09:30:00,416.9599914550781,419.55999755859375,401.8800048828125,402.8999938964844,38149900.0
TSLA,2026-07-08T09:30:00,399.3800048828125,399.6300048828125,390.510009765625,394.05999755859375,33844900.0
TSLA,2026-07-09T09:30:00,393.989990234375,407.8599853515625,390.8599853515625,406.54998779296875,37835000.0
TSLA,2026-07-10T09:30:00,410.489990234375,413.1600036621094,402.80999755859375,407.760009765625,33410000.0
TSLA,2026-07-13T09:30:00,404.6099853515625,405.57000732421875,391.3699951171875,394.760009765625,32809200.0
TSLA,2026-07-14T09:30:00,399.04998779296875,402.2200012207031,394.760009765625,396.17999267578125,23385000.0
TSLA,2026-07-15T09:30:00,399.3999938964844,406.5899963378906,390.6600036621094,394.4599914550781,31549800.0
TSLA,2026-07-16T09:30:00,392.3500061035156,395.30999755859375,385.32000732421875,391.05999755859375,29269100.0
TSLA,2026-07-17T09:30:00,381.7799987792969,385.69000244140625,377.2200012207031,380.8399963378906,31394600.0
TSLA,2026-07-20T09:30:00,386.04998779296875,386.6099853515625,369.42999267578125,369.57000732421875,33801700.0
